[{"model": "admin.logentry", "pk": 1, "fields": {"action_time": "2024-06-28T14:41:10.847Z", "user": 5, "content_type": 12, "object_id": "1", "object_repr": "127.0.0.1", "action_flag": 2, "change_message": "[{\"changed\": {\"fields\": [\"Domain name\"]}}]"}}, {"model": "admin.logentry", "pk": 2, "fields": {"action_time": "2024-06-28T14:46:53.753Z", "user": 5, "content_type": 17, "object_id": "1", "object_repr": "Yandex", "action_flag": 1, "change_message": "[{\"added\": {}}]"}}, {"model": "admin.logentry", "pk": 3, "fields": {"action_time": "2024-06-28T14:49:26.826Z", "user": 5, "content_type": 3, "object_id": "1", "object_repr": "authors", "action_flag": 1, "change_message": "[{\"added\": {}}]"}}, {"model": "admin.logentry", "pk": 4, "fields": {"action_time": "2024-06-28T14:50:30.224Z", "user": 5, "content_type": 4, "object_id": "6", "object_repr": "Anatoliy", "action_flag": 2, "change_message": "[{\"changed\": {\"fields\": [\"Username\", \"Groups\"]}}]"}}, {"model": "admin.logentry", "pk": 5, "fields": {"action_time": "2024-06-28T15:54:04.274Z", "user": 5, "content_type": 4, "object_id": "7", "object_repr": "new_user2", "action_flag": 3, "change_message": ""}}, {"model": "admin.logentry", "pk": 6, "fields": {"action_time": "2024-06-28T15:56:14.639Z", "user": 5, "content_type": 3, "object_id": "1", "object_repr": "authors", "action_flag": 3, "change_message": ""}}, {"model": "admin.logentry", "pk": 7, "fields": {"action_time": "2024-06-28T15:56:49.570Z", "user": 5, "content_type": 3, "object_id": "2", "object_repr": "authors", "action_flag": 1, "change_message": "[{\"added\": {}}]"}}, {"model": "admin.logentry", "pk": 8, "fields": {"action_time": "2024-06-28T15:56:58.661Z", "user": 5, "content_type": 4, "object_id": "8", "object_repr": "new_user2", "action_flag": 3, "change_message": ""}}, {"model": "admin.logentry", "pk": 9, "fields": {"action_time": "2024-07-07T13:42:18.126Z", "user": 5, "content_type": 4, "object_id": "10", "object_repr": "imclutch", "action_flag": 2, "change_message": "[{\"changed\": {\"fields\": [\"Groups\"]}}]"}}, {"model": "admin.logentry", "pk": 10, "fields": {"action_time": "2024-07-07T14:07:11.343Z", "user": 5, "content_type": 8, "object_id": "22", "object_repr": "PostCategory object (22)", "action_flag": 1, "change_message": "[{\"added\": {}}]"}}, {"model": "admin.logentry", "pk": 11, "fields": {"action_time": "2024-07-07T14:07:50.470Z", "user": 5, "content_type": 8, "object_id": "22", "object_repr": "PostCategory object (22)", "action_flag": 2, "change_message": "[{\"changed\": {\"fields\": [\"Category\"]}}]"}}, {"model": "admin.logentry", "pk": 12, "fields": {"action_time": "2024-07-07T14:07:53.519Z", "user": 5, "content_type": 8, "object_id": "22", "object_repr": "PostCategory object (22)", "action_flag": 2, "change_message": "[{\"changed\": {\"fields\": [\"Category\"]}}]"}}, {"model": "admin.logentry", "pk": 13, "fields": {"action_time": "2024-07-07T17:08:31.624Z", "user": 5, "content_type": 8, "object_id": "22", "object_repr": "PostCategory object (22)", "action_flag": 2, "change_message": "[]"}}, {"model": "admin.logentry", "pk": 14, "fields": {"action_time": "2024-07-07T17:08:42.336Z", "user": 5, "content_type": 8, "object_id": "22", "object_repr": "PostCategory object (22)", "action_flag": 3, "change_message": ""}}, {"model": "admin.logentry", "pk": 15, "fields": {"action_time": "2024-07-07T17:17:11.583Z", "user": 5, "content_type": 8, "object_id": "30", "object_repr": "PostCategory object (30)", "action_flag": 2, "change_message": "[]"}}, {"model": "admin.logentry", "pk": 16, "fields": {"action_time": "2024-07-07T17:17:17.497Z", "user": 5, "content_type": 8, "object_id": "30", "object_repr": "PostCategory object (30)", "action_flag": 2, "change_message": "[{\"changed\": {\"fields\": [\"Category\"]}}]"}}, {"model": "admin.logentry", "pk": 17, "fields": {"action_time": "2024-07-07T17:17:25.285Z", "user": 5, "content_type": 8, "object_id": "30", "object_repr": "PostCategory object (30)", "action_flag": 2, "change_message": "[{\"changed\": {\"fields\": [\"Category\"]}}]"}}, {"model": "admin.logentry", "pk": 18, "fields": {"action_time": "2024-07-08T11:23:47.550Z", "user": 5, "content_type": 3, "object_id": "2", "object_repr": "authors", "action_flag": 2, "change_message": "[{\"changed\": {\"fields\": [\"Permissions\"]}}]"}}, {"model": "auth.permission", "pk": 1, "fields": {"name": "Can add log entry", "content_type": 1, "codename": "add_logentry"}}, {"model": "auth.permission", "pk": 2, "fields": {"name": "Can change log entry", "content_type": 1, "codename": "change_logentry"}}, {"model": "auth.permission", "pk": 3, "fields": {"name": "Can delete log entry", "content_type": 1, "codename": "delete_logentry"}}, {"model": "auth.permission", "pk": 4, "fields": {"name": "Can view log entry", "content_type": 1, "codename": "view_logentry"}}, {"model": "auth.permission", "pk": 5, "fields": {"name": "Can add permission", "content_type": 2, "codename": "add_permission"}}, {"model": "auth.permission", "pk": 6, "fields": {"name": "Can change permission", "content_type": 2, "codename": "change_permission"}}, {"model": "auth.permission", "pk": 7, "fields": {"name": "Can delete permission", "content_type": 2, "codename": "delete_permission"}}, {"model": "auth.permission", "pk": 8, "fields": {"name": "Can view permission", "content_type": 2, "codename": "view_permission"}}, {"model": "auth.permission", "pk": 9, "fields": {"name": "Can add group", "content_type": 3, "codename": "add_group"}}, {"model": "auth.permission", "pk": 10, "fields": {"name": "Can change group", "content_type": 3, "codename": "change_group"}}, {"model": "auth.permission", "pk": 11, "fields": {"name": "Can delete group", "content_type": 3, "codename": "delete_group"}}, {"model": "auth.permission", "pk": 12, "fields": {"name": "Can view group", "content_type": 3, "codename": "view_group"}}, {"model": "auth.permission", "pk": 13, "fields": {"name": "Can add user", "content_type": 4, "codename": "add_user"}}, {"model": "auth.permission", "pk": 14, "fields": {"name": "Can change user", "content_type": 4, "codename": "change_user"}}, {"model": "auth.permission", "pk": 15, "fields": {"name": "Can delete user", "content_type": 4, "codename": "delete_user"}}, {"model": "auth.permission", "pk": 16, "fields": {"name": "Can view user", "content_type": 4, "codename": "view_user"}}, {"model": "auth.permission", "pk": 17, "fields": {"name": "Can add content type", "content_type": 5, "codename": "add_contenttype"}}, {"model": "auth.permission", "pk": 18, "fields": {"name": "Can change content type", "content_type": 5, "codename": "change_contenttype"}}, {"model": "auth.permission", "pk": 19, "fields": {"name": "Can delete content type", "content_type": 5, "codename": "delete_contenttype"}}, {"model": "auth.permission", "pk": 20, "fields": {"name": "Can view content type", "content_type": 5, "codename": "view_contenttype"}}, {"model": "auth.permission", "pk": 21, "fields": {"name": "Can add session", "content_type": 6, "codename": "add_session"}}, {"model": "auth.permission", "pk": 22, "fields": {"name": "Can change session", "content_type": 6, "codename": "change_session"}}, {"model": "auth.permission", "pk": 23, "fields": {"name": "Can delete session", "content_type": 6, "codename": "delete_session"}}, {"model": "auth.permission", "pk": 24, "fields": {"name": "Can view session", "content_type": 6, "codename": "view_session"}}, {"model": "auth.permission", "pk": 25, "fields": {"name": "Can add comment", "content_type": 7, "codename": "add_comment"}}, {"model": "auth.permission", "pk": 26, "fields": {"name": "Can change comment", "content_type": 7, "codename": "change_comment"}}, {"model": "auth.permission", "pk": 27, "fields": {"name": "Can delete comment", "content_type": 7, "codename": "delete_comment"}}, {"model": "auth.permission", "pk": 28, "fields": {"name": "Can view comment", "content_type": 7, "codename": "view_comment"}}, {"model": "auth.permission", "pk": 29, "fields": {"name": "Can add post category", "content_type": 8, "codename": "add_postcategory"}}, {"model": "auth.permission", "pk": 30, "fields": {"name": "Can change post category", "content_type": 8, "codename": "change_postcategory"}}, {"model": "auth.permission", "pk": 31, "fields": {"name": "Can delete post category", "content_type": 8, "codename": "delete_postcategory"}}, {"model": "auth.permission", "pk": 32, "fields": {"name": "Can view post category", "content_type": 8, "codename": "view_postcategory"}}, {"model": "auth.permission", "pk": 33, "fields": {"name": "Can add author", "content_type": 9, "codename": "add_author"}}, {"model": "auth.permission", "pk": 34, "fields": {"name": "Can change author", "content_type": 9, "codename": "change_author"}}, {"model": "auth.permission", "pk": 35, "fields": {"name": "Can delete author", "content_type": 9, "codename": "delete_author"}}, {"model": "auth.permission", "pk": 36, "fields": {"name": "Can view author", "content_type": 9, "codename": "view_author"}}, {"model": "auth.permission", "pk": 37, "fields": {"name": "Can add post", "content_type": 10, "codename": "add_post"}}, {"model": "auth.permission", "pk": 38, "fields": {"name": "Can change post", "content_type": 10, "codename": "change_post"}}, {"model": "auth.permission", "pk": 39, "fields": {"name": "Can delete post", "content_type": 10, "codename": "delete_post"}}, {"model": "auth.permission", "pk": 40, "fields": {"name": "Can view post", "content_type": 10, "codename": "view_post"}}, {"model": "auth.permission", "pk": 41, "fields": {"name": "Can add category", "content_type": 11, "codename": "add_category"}}, {"model": "auth.permission", "pk": 42, "fields": {"name": "Can change category", "content_type": 11, "codename": "change_category"}}, {"model": "auth.permission", "pk": 43, "fields": {"name": "Can delete category", "content_type": 11, "codename": "delete_category"}}, {"model": "auth.permission", "pk": 44, "fields": {"name": "Can view category", "content_type": 11, "codename": "view_category"}}, {"model": "auth.permission", "pk": 45, "fields": {"name": "Can add site", "content_type": 12, "codename": "add_site"}}, {"model": "auth.permission", "pk": 46, "fields": {"name": "Can change site", "content_type": 12, "codename": "change_site"}}, {"model": "auth.permission", "pk": 47, "fields": {"name": "Can delete site", "content_type": 12, "codename": "delete_site"}}, {"model": "auth.permission", "pk": 48, "fields": {"name": "Can view site", "content_type": 12, "codename": "view_site"}}, {"model": "auth.permission", "pk": 49, "fields": {"name": "Can add flat page", "content_type": 13, "codename": "add_flatpage"}}, {"model": "auth.permission", "pk": 50, "fields": {"name": "Can change flat page", "content_type": 13, "codename": "change_flatpage"}}, {"model": "auth.permission", "pk": 51, "fields": {"name": "Can delete flat page", "content_type": 13, "codename": "delete_flatpage"}}, {"model": "auth.permission", "pk": 52, "fields": {"name": "Can view flat page", "content_type": 13, "codename": "view_flatpage"}}, {"model": "auth.permission", "pk": 53, "fields": {"name": "Can add email address", "content_type": 14, "codename": "add_emailaddress"}}, {"model": "auth.permission", "pk": 54, "fields": {"name": "Can change email address", "content_type": 14, "codename": "change_emailaddress"}}, {"model": "auth.permission", "pk": 55, "fields": {"name": "Can delete email address", "content_type": 14, "codename": "delete_emailaddress"}}, {"model": "auth.permission", "pk": 56, "fields": {"name": "Can view email address", "content_type": 14, "codename": "view_emailaddress"}}, {"model": "auth.permission", "pk": 57, "fields": {"name": "Can add email confirmation", "content_type": 15, "codename": "add_emailconfirmation"}}, {"model": "auth.permission", "pk": 58, "fields": {"name": "Can change email confirmation", "content_type": 15, "codename": "change_emailconfirmation"}}, {"model": "auth.permission", "pk": 59, "fields": {"name": "Can delete email confirmation", "content_type": 15, "codename": "delete_emailconfirmation"}}, {"model": "auth.permission", "pk": 60, "fields": {"name": "Can view email confirmation", "content_type": 15, "codename": "view_emailconfirmation"}}, {"model": "auth.permission", "pk": 61, "fields": {"name": "Can add social account", "content_type": 16, "codename": "add_socialaccount"}}, {"model": "auth.permission", "pk": 62, "fields": {"name": "Can change social account", "content_type": 16, "codename": "change_socialaccount"}}, {"model": "auth.permission", "pk": 63, "fields": {"name": "Can delete social account", "content_type": 16, "codename": "delete_socialaccount"}}, {"model": "auth.permission", "pk": 64, "fields": {"name": "Can view social account", "content_type": 16, "codename": "view_socialaccount"}}, {"model": "auth.permission", "pk": 65, "fields": {"name": "Can add social application", "content_type": 17, "codename": "add_socialapp"}}, {"model": "auth.permission", "pk": 66, "fields": {"name": "Can change social application", "content_type": 17, "codename": "change_socialapp"}}, {"model": "auth.permission", "pk": 67, "fields": {"name": "Can delete social application", "content_type": 17, "codename": "delete_socialapp"}}, {"model": "auth.permission", "pk": 68, "fields": {"name": "Can view social application", "content_type": 17, "codename": "view_socialapp"}}, {"model": "auth.permission", "pk": 69, "fields": {"name": "Can add social application token", "content_type": 18, "codename": "add_socialtoken"}}, {"model": "auth.permission", "pk": 70, "fields": {"name": "Can change social application token", "content_type": 18, "codename": "change_socialtoken"}}, {"model": "auth.permission", "pk": 71, "fields": {"name": "Can delete social application token", "content_type": 18, "codename": "delete_socialtoken"}}, {"model": "auth.permission", "pk": 72, "fields": {"name": "Can view social application token", "content_type": 18, "codename": "view_socialtoken"}}, {"model": "auth.permission", "pk": 73, "fields": {"name": "Can add subscription", "content_type": 19, "codename": "add_subscription"}}, {"model": "auth.permission", "pk": 74, "fields": {"name": "Can change subscription", "content_type": 19, "codename": "change_subscription"}}, {"model": "auth.permission", "pk": 75, "fields": {"name": "Can delete subscription", "content_type": 19, "codename": "delete_subscription"}}, {"model": "auth.permission", "pk": 76, "fields": {"name": "Can view subscription", "content_type": 19, "codename": "view_subscription"}}, {"model": "auth.permission", "pk": 77, "fields": {"name": "Can add django job", "content_type": 20, "codename": "add_djangojob"}}, {"model": "auth.permission", "pk": 78, "fields": {"name": "Can change django job", "content_type": 20, "codename": "change_djangojob"}}, {"model": "auth.permission", "pk": 79, "fields": {"name": "Can delete django job", "content_type": 20, "codename": "delete_djangojob"}}, {"model": "auth.permission", "pk": 80, "fields": {"name": "Can view django job", "content_type": 20, "codename": "view_djangojob"}}, {"model": "auth.permission", "pk": 81, "fields": {"name": "Can add django job execution", "content_type": 21, "codename": "add_djangojobexecution"}}, {"model": "auth.permission", "pk": 82, "fields": {"name": "Can change django job execution", "content_type": 21, "codename": "change_djangojobexecution"}}, {"model": "auth.permission", "pk": 83, "fields": {"name": "Can delete django job execution", "content_type": 21, "codename": "delete_djangojobexecution"}}, {"model": "auth.permission", "pk": 84, "fields": {"name": "Can view django job execution", "content_type": 21, "codename": "view_djangojobexecution"}}, {"model": "auth.group", "pk": 2, "fields": {"name": "authors", "permissions": [37, 38, 39]}}, {"model": "auth.user", "pk": 3, "fields": {"password": "!wpMJvhuCsQUsC2vpj4Y50iZspVkeSpFm3hJmJKHO", "last_login": null, "is_superuser": false, "username": "Andrey", "first_name": "", "last_name": "", "email": "", "is_staff": false, "is_active": true, "date_joined": "2024-06-18T17:44:25.376Z", "groups": [], "user_permissions": []}}, {"model": "auth.user", "pk": 4, "fields": {"password": "!PExcIWZGCK1FQwl074LEIGBaO1h39BRQl0497Jb6", "last_login": null, "is_superuser": false, "username": "Vanya", "first_name": "", "last_name": "", "email": "", "is_staff": false, "is_active": true, "date_joined": "2024-06-18T17:44:25.383Z", "groups": [], "user_permissions": []}}, {"model": "auth.user", "pk": 5, "fields": {"password": "pbkdf2_sha256$720000$SDwSzaLUmu0yrOUNQWxbiV$6LJqWnUZ/PoGM5CLwde1pegHiEGPJY+nQq0dEwGH2jE=", "last_login": "2024-07-12T09:54:56.582Z", "is_superuser": true, "username": "admin", "first_name": "", "last_name": "", "email": "", "is_staff": true, "is_active": true, "date_joined": "2024-06-18T17:50:12.212Z", "groups": [], "user_permissions": []}}, {"model": "auth.user", "pk": 6, "fields": {"password": "pbkdf2_sha256$720000$wQBasT7Qc2YHHxgE2Bvdfm$NfTZXryLLqCasYYn3A71Z7q+DMwhSBFW29KHWi5QgCg=", "last_login": "2024-06-28T14:34:40Z", "is_superuser": false, "username": "Anatoliy", "first_name": "", "last_name": "", "email": "new_user1@test.com", "is_staff": false, "is_active": true, "date_joined": "2024-06-28T14:34:40Z", "groups": [], "user_permissions": []}}, {"model": "auth.user", "pk": 9, "fields": {"password": "pbkdf2_sha256$720000$glAoDMav9rE2MjYpHEZzNh$RkeuuKNRNNphMJvB4SKVR5jaVtv1WCwQDGt2T752BRs=", "last_login": "2024-06-28T16:03:28.300Z", "is_superuser": false, "username": "new_user2", "first_name": "", "last_name": "", "email": "new_user2@test.com", "is_staff": false, "is_active": true, "date_joined": "2024-06-28T15:57:21.655Z", "groups": [2], "user_permissions": []}}, {"model": "auth.user", "pk": 10, "fields": {"password": "pbkdf2_sha256$720000$7tKXtLYO3mn5mjf2IZEr6a$VE7FO8Sdmd0y6NXWzL03jbhpGSSp1+vrXnuj9oRj9XM=", "last_login": "2024-07-12T10:35:24.815Z", "is_superuser": false, "username": "imclutch", "first_name": "", "last_name": "", "email": "imclutch@yandex.ru", "is_staff": false, "is_active": true, "date_joined": "2024-07-07T12:41:01Z", "groups": [2], "user_permissions": []}}, {"model": "contenttypes.contenttype", "pk": 1, "fields": {"app_label": "admin", "model": "logentry"}}, {"model": "contenttypes.contenttype", "pk": 2, "fields": {"app_label": "auth", "model": "permission"}}, {"model": "contenttypes.contenttype", "pk": 3, "fields": {"app_label": "auth", "model": "group"}}, {"model": "contenttypes.contenttype", "pk": 4, "fields": {"app_label": "auth", "model": "user"}}, {"model": "contenttypes.contenttype", "pk": 5, "fields": {"app_label": "contenttypes", "model": "contenttype"}}, {"model": "contenttypes.contenttype", "pk": 6, "fields": {"app_label": "sessions", "model": "session"}}, {"model": "contenttypes.contenttype", "pk": 7, "fields": {"app_label": "news", "model": "comment"}}, {"model": "contenttypes.contenttype", "pk": 8, "fields": {"app_label": "news", "model": "postcategory"}}, {"model": "contenttypes.contenttype", "pk": 9, "fields": {"app_label": "news", "model": "author"}}, {"model": "contenttypes.contenttype", "pk": 10, "fields": {"app_label": "news", "model": "post"}}, {"model": "contenttypes.contenttype", "pk": 11, "fields": {"app_label": "news", "model": "category"}}, {"model": "contenttypes.contenttype", "pk": 12, "fields": {"app_label": "sites", "model": "site"}}, {"model": "contenttypes.contenttype", "pk": 13, "fields": {"app_label": "flatpages", "model": "flatpage"}}, {"model": "contenttypes.contenttype", "pk": 14, "fields": {"app_label": "account", "model": "emailaddress"}}, {"model": "contenttypes.contenttype", "pk": 15, "fields": {"app_label": "account", "model": "emailconfirmation"}}, {"model": "contenttypes.contenttype", "pk": 16, "fields": {"app_label": "socialaccount", "model": "socialaccount"}}, {"model": "contenttypes.contenttype", "pk": 17, "fields": {"app_label": "socialaccount", "model": "socialapp"}}, {"model": "contenttypes.contenttype", "pk": 18, "fields": {"app_label": "socialaccount", "model": "socialtoken"}}, {"model": "contenttypes.contenttype", "pk": 19, "fields": {"app_label": "news", "model": "subscription"}}, {"model": "contenttypes.contenttype", "pk": 20, "fields": {"app_label": "django_apscheduler", "model": "djangojob"}}, {"model": "contenttypes.contenttype", "pk": 21, "fields": {"app_label": "django_apscheduler", "model": "djangojobexecution"}}, {"model": "sessions.session", "pk": "07o624lzv3828hee0jqziic5kg55lh5b", "fields": {"session_data": ".eJxVjDEOgzAMRe-SuYpiIJh07M4ZIsc2hbYiEoGp6t2rSAzt-t97_20iHfscj6JbXMRcjTeX3y0RP3WtQB603rPlvO7bkmxV7EmLHbPo63a6fwczlbnWYeIOue1xaMANCVMLiICghJQYwIu4KTQKznWTV08oPHDPHLy6IObzBdyROAY:1sJcyg:ypv7gjf97dqsGQ2qv56Fazyp4LP2wBsWrHTWEu7Y2nw", "expire_date": "2024-07-02T17:50:42.460Z"}}, {"model": "sessions.session", "pk": "5brzy9ssdnza6pp718clssioty4nlxz3", "fields": {"session_data": ".eJxVkM1uhDAMhN_FZ4TygxPg1G1PfYaqQiYxApWfFQnqrlb77iVbLtysmfHnkR9Azi3bHBvaYs9zHBzFYZmbiWO_-AD11wP-Z6jhSiH8LquHDChCLa0SthSoirwUFRptMuCJhnGPfk4f4xZd_3an2fMtXzd4fmfwOtNsgddmSEQp4CS25H54Tg6NY5Lzo1_-yhx2yC-ntu_H1gnVU-h3jkGlrNcVWq2rzimzA1HKQvkKC9kZW6G0nltssewQTVsSSnaOOtZFUeoEDRxCegrfrsN6h1o8_wAELmfZ:1sSDca:BCB-oM-DUI1RhCcaevw1X_atKljbd3A2oGx_uYybJLA", "expire_date": "2024-07-26T10:35:24.825Z"}}, {"model": "sessions.session", "pk": "6th77gx0s8fxrclpo9c1as1stqt5gljq", "fields": {"session_data": ".eJxVjDEOgzAMRe-SuYpiIJh07M4ZIsc2hbYiEoGp6t2rSAzt-t97_20iHfscj6JbXMRcjTeX3y0RP3WtQB603rPlvO7bkmxV7EmLHbPo63a6fwczlbnWYeIOue1xaMANCVMLiICghJQYwIu4KTQKznWTV08oPHDPHLy6IObzBdyROAY:1sNE79:agdMukcKppzUad6pi7BEG6byBE5xuZKkvoCqkZ180Pk", "expire_date": "2024-07-12T16:06:19.792Z"}}, {"model": "sessions.session", "pk": "iv2osstlufgjrpkcprxdl64p4dgu046r", "fields": {"session_data": ".eJxVjDEOgzAMRe-SuYpiIJh07M4ZIsc2hbYiEoGp6t2rSAzt-t97_20iHfscj6JbXMRcjTeX3y0RP3WtQB603rPlvO7bkmxV7EmLHbPo63a6fwczlbnWYeIOue1xaMANCVMLiICghJQYwIu4KTQKznWTV08oPHDPHLy6IObzBdyROAY:1sQmSt:4NiSTOdWR9gnTmK97axPhIYsYn3t5MlZZNBIgK-2Kyo", "expire_date": "2024-07-22T11:23:27.961Z"}}, {"model": "sites.site", "pk": 1, "fields": {"domain": "127.0.0.1", "name": "example.com"}}, {"model": "news.author", "pk": 1, "fields": {"author": 3, "a_rating": 6}}, {"model": "news.author", "pk": 2, "fields": {"author": 4, "a_rating": 4}}, {"model": "news.category", "pk": 1, "fields": {"category": "Спорт"}}, {"model": "news.category", "pk": 2, "fields": {"category": "Политика"}}, {"model": "news.category", "pk": 3, "fields": {"category": "Кулинария"}}, {"model": "news.category", "pk": 4, "fields": {"category": "Путешествие"}}, {"model": "news.post", "pk": 1, "fields": {"p_author": 1, "genre": "AR", "time_in": "2024-06-18T17:44:25.423Z", "title": "История зарождения футбола в России", "main_text": "История зарождения футбола в России вытекает из Древней Руси. \nПо некоторым источникам, мужики выходили на лед или городскую площадь, \nделились на две стороны и катали набитый волосами мяч. Эту игру называли \"шалыга\".\n\nСовременный футбол в России появился в 1880 году, благодаря иностранцам, работавшим на российских заводах. \nПервые российские клубы появились в Одессе, Риге, Николаеве и Санкт-Петербурге, а через пару лет и в Москве. \nВ 1897 году был сыгран первый футбольный матч - между командами \"Спорт\" и \"Василеостровским сообществом футболистов\", \nкоторый завершился победой сообщества со счетом 6:0. Это стало отправной точкой в истории российского футбола.\n\nПервая лига по футболу в России была организована в 1901 году. А спустя 10 лет был организован \n\"Всероссийский футбольный союз\". В 1936 году в стране появился новый турнир - Кубок Страны. \nОн проходит и в наши дни. Лучшие команды из всех лиг сражаются за этот важный трофей.\n\nВ общем, футбол в нашей стране стал развиваться очень активно. \nВсей стране были известны такие имена как Всеволод Бобров, Григорий Федотов.", "p_rating": 2}}, {"model": "news.post", "pk": 2, "fields": {"p_author": 2, "genre": "AR", "time_in": "2024-06-18T17:44:25.427Z", "title": "Как гречку выбирать", "main_text": "Гречка должна сильно пахнуть гречкой — банально, но так. \nНо в запечатанном пакете ее нельзя понюхать. \nПоэтому выбирайте на глаз, рассмотрев крупу в окошечко на упаковке: \nгречка должна быть цельной, не дробленой, с зернами одного размера. \nОтдайте предпочтение крупной, не осветленной, приятного серо-коричневого цвета крупе. \nЕсли она светлая, это означает, что ее очистили после обжарки, и из-за этого 30–40% вкуса она потеряла.\nСтоит ли гречку перебирать\nСегодня перебирать гречку по зернышку не требуется: выбирайте крупу первого сорта, \nэто целое, недробленое зерно, практически лишенное всякого мусора. \nНа всякий случай пару раз медленно пересыпьте ее из одной емкости в другую или просто пропустите зерна через пальцы. \nЕсли заметите пару слишком темных зерен или катышков, уберите их. Нет ничего хуже, если в каше попадется камушек.", "p_rating": 1}}, {"model": "news.post", "pk": 3, "fields": {"p_author": 1, "genre": "NE", "time_in": "2024-06-18T17:44:25.432Z", "title": "Мосгорсуд оставил продюсера Reuters в СИЗО по делу об экстремизме.", "main_text": "Мосгорсуд оставил под стражей арестованного по делу об экстремизме продюсера новостной службы Reuters Константина Габова \nОб этом сообщила пресс-служба судов общей юрисдикции Москвы в своем телеграм-канале.\n\n27 апреля 2024 года Басманный районный суд Москвы арестовал Габова на два месяца по обвинению в участии в \nэкстремистском сообществе.\n\nПо версии суда, Габов принял участие в подготовке фото- и видеоматериалов для публикации на YouTube-канале соратников \nАлексея Навального. По ч. 2 ст. 282.1 Уголовного кодекса журналисту грозит до шести лет лишения свободы.", "p_rating": -2}}, {"model": "news.post", "pk": 4, "fields": {"p_author": 1, "genre": "AR", "time_in": "2024-06-20T14:25:32.795Z", "title": "Тема сегодняшнего поста - \"Нецензурная брань\".", "main_text": "В наше время юные \"козявки\" имеют свойство обзываться \"букашками\". Это довольно распространённая проблема,\nведь в моем больном на голову мире это почему-то считается нецензурным браньем.", "p_rating": 0}}, {"model": "news.post", "pk": 6, "fields": {"p_author": 1, "genre": "AR", "time_in": "2024-06-26T14:41:23.064Z", "title": "Украинский боксер Александр Усик отказался от титула чемпиона мира по версии IBF", "main_text": "Украинский боксер Александр Усик отказался от титула чемпиона мира в супертяжелом весе по версии IBF (Международная боксерская федерация).Московский Комсомолец\r\nПоединок продлился 12 раундов и завершился победой украинца раздельным решением судей.Чемпионат\r\nУсик не потерпел ни одного поражения в профессиональной карьере.Спорт день за днем\r\nОжидается, что Усик проведет реванш против Фьюри 21 декабря в Эр-Рияде, на кону будут стоять оставшиеся у украинца пояса.РИА Новости", "p_rating": 0}}, {"model": "news.post", "pk": 7, "fields": {"p_author": 2, "genre": "NE", "time_in": "2024-06-26T14:42:23.469Z", "title": "Композитор Курляндский отказался от «Золотой маски»", "main_text": "Композитор Дмитрий Курляндский, получивший в этом году «Золотую маску» за лучшую работу композитора, решил отказаться от награды.News.ru\r\nЦеремония вручения «Золотой маски» прошла в Москве 25 июня.Forbes\r\nСвою награду композитор получил за спектакль пермского «Театра-Театра» «Катерина Измайлова» (автор и режиссер — Борис Мильграм, пьеса написана по очерку Николая Лескова «Леди Макбет Мценского уезда»).РБК\r\nПричиной послужило создание ими спектакля по пьесе \"Финист Ясный Сокол\".Газета.Ru", "p_rating": 0}}, {"model": "news.post", "pk": 8, "fields": {"p_author": 1, "genre": "NE", "time_in": "2024-06-26T14:44:06.764Z", "title": "В Азии усиливаются экстремальные погодные и климатические явления", "main_text": "Засухи и наводнения 2022 года приводили к человеческим жертвам и серьёзному ухудшению уровня жизни людей. Согласно докладу «Состояние климата в Азии в 2022 году» Всемирной метеорологической организации, таяние ледников и повышение уровня моря угрожают Азии ещё большими социально-экономическими потрясениями в будущем.", "p_rating": 0}}, {"model": "news.post", "pk": 9, "fields": {"p_author": 1, "genre": "NE", "time_in": "2024-06-26T14:44:57.044Z", "title": "Что происходит, когда тает вечная мерзлота? Побывал в Якутии и увидел последствия глобального потепления", "main_text": "Что такое многолетняя мерзлота? Это мерзлый грунт, который не оттаивает в течение двух и более лет. Хотя это тоже не совсем верно - на самом деле, верхний слой грунта немного оттаивает летом и если раньше толщина оттаивания составляла не более полуметра, то сейчас средняя толщина оттаивания грунта даже на севере Колымы в Якутии превышает 4 метра.\r\n\r\nПомимо Якутии \"вечная\" мерзлота встречается во многих других более южных регионах страны, но именно здесь толщина или мощность мерзлоты составляет от нескольких сотен метров до полутора километров. И сейчас весь этот пласт начал активно таять.", "p_rating": 0}}, {"model": "news.post", "pk": 10, "fields": {"p_author": 2, "genre": "NE", "time_in": "2024-06-26T14:45:47.224Z", "title": "\"Отдельный кабинет\": продолжение истории", "main_text": "\"В это время Елена Петровна уронила на пол салфетку. Один из молодых людей, сидевших за соседним столиком, быстро встал, поднял салфетку и подал Елене Петровне.\r\n\r\n— Ах merci... заставила вас побезпокоиться.\r\n\r\n— О нет! Это доставило мне искренное удовольствие...\r\n\r\nИ Анна Ивановна, неловко поворотясь, столкнула локтем вилку, лежавшую на краю стола; с легким звоном вилка упала на пол. Анна Ивановна хотела поднять ее, но узка юбка и туго стянутый корсет приостановили это намерение. Молодой человек поднял вилку.", "p_rating": 0}}, {"model": "news.post", "pk": 11, "fields": {"p_author": 1, "genre": "AR", "time_in": "2024-06-26T14:46:37.809Z", "title": "ЕС согласовал санкции против Белоруссии для поддержки антироссийских ограничений", "main_text": "В то же время в бельгийском председательстве заявили, что новый пакет санкций в отношении Белоруссии дополнит уже принятые меры против Минска.Lenta.ru\r\nОдин из дипломатов уточняет, что новый пакет предусматривает меры в отношении товаров двойного назначения, например чипов, которые можно использовать как в бытовой технике, так и в военных изделиях.РБК\r\n\"Послы стран ЕС достигли принципиального соглашения по новому пакету санкций против Белоруссии\", - говорится в сообщении в X (ранее Twitter).ТАСС\r\n24 июня Евросоюз принял 14-й пакет санкций против России, который предполагает ограничения в отношении 116 российских физических и юридических лиц.ТАСС", "p_rating": 0}}, {"model": "news.post", "pk": 12, "fields": {"p_author": 2, "genre": "AR", "time_in": "2024-06-26T14:47:16.262Z", "title": "Водитель и пассажирка BMW, упавшего с парковки в Краснодаре, ждали ребенка", "main_text": "Водитель и пассажирка BMW, вылетевшего с третьего этажа парковки ТРЦ в Краснодаре, ждали ребенка, рассказал РИА Новости близкий друг погибшего.РИА Новости\r\nВ машине находились три человека: мужчина, женщина и 12-летний мальчик.Кубань 24\r\nСледователи считают, что мужчина специально увеличил скорость, пробил ограждение и слетел с парковки.Lenta.ru\r\nСК возбудил уголовное дело по статье «Убийство».Фонтанка.Ру", "p_rating": 0}}, {"model": "news.post", "pk": 13, "fields": {"p_author": 2, "genre": "AR", "time_in": "2024-06-26T14:47:58.156Z", "title": "26-летний полузащитник «Зенита» Мостовой хочет поиграть английской сборной", "main_text": "Полузащитник «Зенита» Андрей Мостовой сказал, что на Евро-2024 переживает за сборные Англии и Сербии.Чемпионат\r\nСборная Англии после двух туров на групповом этапе Евро-2024 занимает первое место в таблице группы С с четырьмя очками.Metaratings\r\nСербия с одним баллом занимает последнее, четвёртое место.Metaratings\r\n25 июня в 22:00 по московскому времени состоятся заключительные матчи группового этапа в группе С. Сборная Англии сыграет с командой Словении, а Сербия встретится с Данией.Metaratings", "p_rating": 0}}, {"model": "news.post", "pk": 57, "fields": {"p_author": 1, "genre": "AR", "time_in": "2024-07-08T11:24:34.944Z", "title": "Главные тенденции премии «Лучший молодой футболист РПЛ». Что изменилось за год?", "main_text": "Прогресс Тюкавина невероятен, но это ведь не всё!\r\nСегодня мы подводим итоги голосования на звание лучшего молодого игрока прошлого сезона РПЛ. «Чемпионат» составил список 15 лучших молодых футболистов чемпионата – в этом нам помогли тренеры и капитаны клубов. Именно они решали, кто попадёт в топ-15. В сезоне-2021/2022 лауреатом стал Гамид Агаларов, в прошлом сезоне победил Сергей Пиняев, а теперь – Константин Тюкавин. Причём сделал он это с огромным отрывом! Давайте разберёмся, о чём же говорят нам итоги премии.", "p_rating": 0}}, {"model": "news.post", "pk": 58, "fields": {"p_author": 2, "genre": "NE", "time_in": "2024-07-08T11:25:34.493Z", "title": "«Их свела сама судьба». История фото Месси, на котором он купает шестимесячного Ямаля", "main_text": "Можно подумать, что Лионель крестил своего наследника в «Барсе», но дело совсем в другом.\r\nСборная Испании – самая яркая, смелая и обаятельная на Евро-2024. На флангах атаки зажигают молодые Нико Уильямс (21 год) и Ламин Ямаль (16), державшие удар даже в поединке с армией немецких «газонокосилок». Ламин в каждой игре выходит на новый уровень и устанавливает рекорды: в Германии он хоть пока и не забил, зато создал 14 опасных моментов для партнеров. За время сбора статистики Opta ни одному футболисту до 20 лет прежде не удавалось продемонстрировать такие показатели на Евро или ЧМ. Также Ямаль делит первое место в списке лучших ассистентов турнира с Хави Симонсом (Нидерланды) – у них по три результативных паса. Завтра, 9 июля, Ламин сыграет с Францией в полуфинале чемпионата Европы.", "p_rating": 0}}, {"model": "news.postcategory", "pk": 1, "fields": {"post": 1, "category": 1}}, {"model": "news.postcategory", "pk": 2, "fields": {"post": 1, "category": 2}}, {"model": "news.postcategory", "pk": 3, "fields": {"post": 2, "category": 3}}, {"model": "news.postcategory", "pk": 4, "fields": {"post": 2, "category": 4}}, {"model": "news.postcategory", "pk": 5, "fields": {"post": 3, "category": 2}}, {"model": "news.postcategory", "pk": 6, "fields": {"post": 3, "category": 4}}, {"model": "news.postcategory", "pk": 9, "fields": {"post": 6, "category": 1}}, {"model": "news.postcategory", "pk": 10, "fields": {"post": 7, "category": 4}}, {"model": "news.postcategory", "pk": 11, "fields": {"post": 8, "category": 4}}, {"model": "news.postcategory", "pk": 12, "fields": {"post": 9, "category": 4}}, {"model": "news.postcategory", "pk": 13, "fields": {"post": 10, "category": 2}}, {"model": "news.postcategory", "pk": 14, "fields": {"post": 11, "category": 2}}, {"model": "news.postcategory", "pk": 15, "fields": {"post": 12, "category": 2}}, {"model": "news.postcategory", "pk": 16, "fields": {"post": 13, "category": 1}}, {"model": "news.postcategory", "pk": 39, "fields": {"post": 57, "category": 1}}, {"model": "news.postcategory", "pk": 40, "fields": {"post": 58, "category": 1}}, {"model": "news.comment", "pk": 1, "fields": {"post": 1, "user": 3, "comment": "Футблок, круто! Люблю гонять шары!", "time_in": "2024-06-18T17:44:25.472Z", "c_rating": 2}}, {"model": "news.comment", "pk": 2, "fields": {"post": 3, "user": 4, "comment": "Политика отстой, все ради бабок!", "time_in": "2024-06-18T17:44:25.477Z", "c_rating": 0}}, {"model": "news.comment", "pk": 3, "fields": {"post": 2, "user": 3, "comment": "Гречку надо варить?:D", "time_in": "2024-06-18T17:44:25.482Z", "c_rating": 4}}, {"model": "news.comment", "pk": 4, "fields": {"post": 3, "user": 4, "comment": "Где здесь кнопка дизлайка?", "time_in": "2024-06-18T17:44:25.487Z", "c_rating": 1}}, {"model": "news.subscription", "pk": 4, "fields": {"user": 10, "category": 1}}, {"model": "news.subscription", "pk": 5, "fields": {"user": 10, "category": 4}}, {"model": "account.emailaddress", "pk": 1, "fields": {"user": 6, "email": "new_user1@test.com", "verified": false, "primary": true}}, {"model": "account.emailaddress", "pk": 4, "fields": {"user": 9, "email": "new_user2@test.com", "verified": false, "primary": true}}, {"model": "account.emailaddress", "pk": 5, "fields": {"user": 10, "email": "imclutch@yandex.ru", "verified": true, "primary": true}}, {"model": "socialaccount.socialapp", "pk": 1, "fields": {"provider": "yandex", "provider_id": "", "name": "Yandex", "client_id": "f2a5e26793c44b7d927ce52526571ab6", "secret": "d5e387cd68ba4bcfaafd8c9151427362", "key": "", "settings": {}, "sites": [1]}}, {"model": "django_apscheduler.djangojob", "pk": "delete_old_job_executions", "fields": {"next_run_time": "2024-07-12T15:00:00Z", "job_state": "gAWVWQQAAAAAAAB9lCiMB3ZlcnNpb26USwGMAmlklIwZZGVsZXRlX29sZF9qb2JfZXhlY3V0aW9uc5SMBGZ1bmOUjEFuZXdzLm1hbmFnZW1lbnQuY29tbWFuZHMucnVuYXBzY2hlZHVsZXI6ZGVsZXRlX29sZF9qb2JfZXhlY3V0aW9uc5SMB3RyaWdnZXKUjBlhcHNjaGVkdWxlci50cmlnZ2Vycy5jcm9ulIwLQ3JvblRyaWdnZXKUk5QpgZR9lChoAUsCjAh0aW1lem9uZZSMCGJ1aWx0aW5zlIwHZ2V0YXR0cpSTlIwIem9uZWluZm+UjAhab25lSW5mb5STlIwJX3VucGlja2xllIaUUpSMDUV1cm9wZS9Nb3Njb3eUSwGGlFKUjApzdGFydF9kYXRllE6MCGVuZF9kYXRllE6MBmZpZWxkc5RdlCiMIGFwc2NoZWR1bGVyLnRyaWdnZXJzLmNyb24uZmllbGRzlIwJQmFzZUZpZWxklJOUKYGUfZQojARuYW1llIwEeWVhcpSMCmlzX2RlZmF1bHSUiIwLZXhwcmVzc2lvbnOUXZSMJWFwc2NoZWR1bGVyLnRyaWdnZXJzLmNyb24uZXhwcmVzc2lvbnOUjA1BbGxFeHByZXNzaW9ulJOUKYGUfZSMBHN0ZXCUTnNiYXViaB2MCk1vbnRoRmllbGSUk5QpgZR9lChoIowFbW9udGiUaCSIaCVdlGgpKYGUfZRoLE5zYmF1YmgdjA9EYXlPZk1vbnRoRmllbGSUk5QpgZR9lChoIowDZGF5lGgkiGglXZRoKSmBlH2UaCxOc2JhdWJoHYwJV2Vla0ZpZWxklJOUKYGUfZQoaCKMBHdlZWuUaCSIaCVdlGgpKYGUfZRoLE5zYmF1YmgdjA5EYXlPZldlZWtGaWVsZJSTlCmBlH2UKGgijAtkYXlfb2Zfd2Vla5RoJIloJV2UaCeMFldlZWtkYXlSYW5nZUV4cHJlc3Npb26Uk5QpgZR9lChoLE6MBWZpcnN0lEsEjARsYXN0lEsEdWJhdWJoHymBlH2UKGgijARob3VylGgkiWglXZRoJ4wPUmFuZ2VFeHByZXNzaW9ulJOUKYGUfZQoaCxOaE9LEmhQSxJ1YmF1YmgfKYGUfZQoaCKMBm1pbnV0ZZRoJIloJV2UaFYpgZR9lChoLE5oT0sAaFBLAHViYXViaB8pgZR9lChoIowGc2Vjb25klGgkiGglXZRoVimBlH2UKGgsTmhPSwBoUEsAdWJhdWJljAZqaXR0ZXKUTnVijAhleGVjdXRvcpSMB2RlZmF1bHSUjARhcmdzlCmMBmt3YXJnc5R9lGgiaAOMEm1pc2ZpcmVfZ3JhY2VfdGltZZRLAYwIY29hbGVzY2WUiIwNbWF4X2luc3RhbmNlc5RLAYwNbmV4dF9ydW5fdGltZZSMCGRhdGV0aW1llIwIZGF0ZXRpbWWUk5RDCgfoBwwSAAAAAACUaBiGlFKUdS4="}}, {"model": "django_apscheduler.djangojob", "pk": "weekly_newsletter", "fields": {"next_run_time": "2024-07-08T11:33:57Z", "job_state": "gAWV7AMAAAAAAAB9lCiMB3ZlcnNpb26USwGMAmlklIwRd2Vla2x5X25ld3NsZXR0ZXKUjARmdW5jlIw5bmV3cy5tYW5hZ2VtZW50LmNvbW1hbmRzLnJ1bmFwc2NoZWR1bGVyOndlZWtseV9uZXdzbGV0dGVylIwHdHJpZ2dlcpSMGWFwc2NoZWR1bGVyLnRyaWdnZXJzLmNyb26UjAtDcm9uVHJpZ2dlcpSTlCmBlH2UKGgBSwKMCHRpbWV6b25llIwIYnVpbHRpbnOUjAdnZXRhdHRylJOUjAh6b25laW5mb5SMCFpvbmVJbmZvlJOUjAlfdW5waWNrbGWUhpRSlIwNRXVyb3BlL01vc2Nvd5RLAYaUUpSMCnN0YXJ0X2RhdGWUTowIZW5kX2RhdGWUTowGZmllbGRzlF2UKIwgYXBzY2hlZHVsZXIudHJpZ2dlcnMuY3Jvbi5maWVsZHOUjAlCYXNlRmllbGSUk5QpgZR9lCiMBG5hbWWUjAR5ZWFylIwKaXNfZGVmYXVsdJSIjAtleHByZXNzaW9uc5RdlIwlYXBzY2hlZHVsZXIudHJpZ2dlcnMuY3Jvbi5leHByZXNzaW9uc5SMDUFsbEV4cHJlc3Npb26Uk5QpgZR9lIwEc3RlcJROc2JhdWJoHYwKTW9udGhGaWVsZJSTlCmBlH2UKGgijAVtb250aJRoJIhoJV2UaCkpgZR9lGgsTnNiYXViaB2MD0RheU9mTW9udGhGaWVsZJSTlCmBlH2UKGgijANkYXmUaCSIaCVdlGgpKYGUfZRoLE5zYmF1YmgdjAlXZWVrRmllbGSUk5QpgZR9lChoIowEd2Vla5RoJIhoJV2UaCkpgZR9lGgsTnNiYXViaB2MDkRheU9mV2Vla0ZpZWxklJOUKYGUfZQoaCKMC2RheV9vZl93ZWVrlGgkiGglXZRoKSmBlH2UaCxOc2JhdWJoHymBlH2UKGgijARob3VylGgkiGglXZRoKSmBlH2UaCxOc2JhdWJoHymBlH2UKGgijAZtaW51dGWUaCSIaCVdlGgpKYGUfZRoLE5zYmF1YmgfKYGUfZQoaCKMBnNlY29uZJRoJIloJV2UaCkpgZR9lGgsSwNzYmF1YmWMBmppdHRlcpROdWKMCGV4ZWN1dG9ylIwHZGVmYXVsdJSMBGFyZ3OUKYwGa3dhcmdzlH2UaCJoA4wSbWlzZmlyZV9ncmFjZV90aW1llEsBjAhjb2FsZXNjZZSIjA1tYXhfaW5zdGFuY2VzlEsBjA1uZXh0X3J1bl90aW1llIwIZGF0ZXRpbWWUjAhkYXRldGltZZSTlEMKB+gHCA4hOQAAAJRoGIaUUpR1Lg=="}}, {"model": "django_apscheduler.djangojobexecution", "pk": 21, "fields": {"job": "weekly_newsletter", "status": "Executed", "run_time": "2024-07-08T11:32:21Z", "duration": "0.04", "finished": "1720438341.04", "exception": null, "traceback": null}}, {"model": "django_apscheduler.djangojobexecution", "pk": 22, "fields": {"job": "weekly_newsletter", "status": "Executed", "run_time": "2024-07-08T11:33:54Z", "duration": "0.05", "finished": "1720438434.05", "exception": null, "traceback": null}}]